City,Lat,Lng,Max Temp,Humidity,Cloudiness,Wind Speed,Country,Date
Kenai,60.5544,-151.2583,55.02,85,100,17.27,US,1660015032
Ushuaia,-54.8,-68.3,38.86,60,75,10.36,AR,1660015315
Seoul,37.5683,126.9778,78.19,100,100,6.91,KR,1660015316
Kruisfontein,-34.0033,24.7314,49.89,89,95,7.23,ZA,1660015316
Townsville,-19.25,146.8,72.48,43,0,14.97,AU,1660015100
Muhos,64.808,25.9931,46.18,90,28,3.78,FI,1660015316
Nara,34.6851,135.8049,97.97,35,86,5.77,JP,1660015207
Harbour Breton,47.4833,-55.7983,60.44,77,63,18.05,CA,1660015317
Dikson,73.5069,80.5464,41.86,96,43,19.95,RU,1660015317
New Norfolk,-42.7826,147.0587,54.91,47,5,1.77,AU,1660015317
Jamestown,42.097,-79.2353,73.04,72,100,13.8,US,1660015318
Bengkulu,-3.8004,102.2655,82.58,71,6,5.53,ID,1660015097
Puerto Ayora,-0.7393,-90.3518,68.56,89,82,1.99,EC,1660015318
Khatanga,71.9667,102.5,65.7,59,40,20.58,RU,1660015318
Yellowknife,62.456,-114.3525,61.32,63,75,6.91,CA,1660015319
Punta Arenas,-53.15,-70.9167,37.51,81,100,13.8,CL,1660015319
Tasiilaq,65.6145,-37.6368,39.36,96,100,1.72,GL,1660015319
Luwuk,-0.9516,122.7875,82.47,80,34,5.06,ID,1660015319
Vila,42.0304,-8.1588,59.7,85,0,3.91,PT,1660015320
Vila Velha,-20.3297,-40.2925,73.35,86,0,3.44,BR,1660015320
Kapaa,22.0752,-159.319,84.18,73,40,12.66,US,1660015320
Hermanus,-34.4187,19.2345,54.81,79,4,2.55,ZA,1660015321
Saint George,37.1041,-113.5841,99.19,26,0,11.5,US,1660015321
Lompoc,34.6391,-120.4579,71.56,83,0,21.0,US,1660015321
Otane,-39.8833,176.6333,53.01,92,100,11.95,NZ,1660015322
Tuktoyaktuk,69.4541,-133.0374,62.6,63,100,8.05,CA,1660015322
Tual,-5.6667,132.75,78.15,86,100,22.08,ID,1660015322
Vaini,-21.2,-175.2,80.76,89,40,11.5,TO,1660015323
Thompson,55.7435,-97.8558,62.76,94,75,0.0,CA,1660015235
Carnarvon,-24.8667,113.6333,66.97,47,1,20.15,AU,1660015323
Busselton,-33.65,115.3333,51.85,69,91,16.91,AU,1660015323
Bluff,-46.6,168.3333,45.97,57,5,13.76,NZ,1660015324
Fort Nelson,58.8053,-122.7002,69.39,35,40,8.05,CA,1660015324
Rikitea,-23.1203,-134.9692,73.67,78,99,19.44,PF,1660015324
Longyearbyen,78.2186,15.6401,46.24,81,75,8.05,SJ,1660015057
Mataura,-46.1927,168.8643,45.19,58,4,7.16,NZ,1660015325
East London,-33.0153,27.9116,56.34,94,0,5.75,ZA,1660015150
Paamiut,61.994,-49.6678,41.58,86,100,18.23,GL,1660015325
Okhotsk,59.3833,143.3,64.76,62,100,23.42,RU,1660015325
Cape Town,-33.9258,18.4232,53.91,89,2,1.99,ZA,1660015326
Mincivan,39.0294,46.7185,74.62,68,0,0.47,AZ,1660015326
Khani,41.9563,42.9566,58.57,76,0,5.75,GE,1660015327
Quatre Cocos,-20.2078,57.7625,69.91,76,50,14.38,MU,1660015327
Qaanaaq,77.484,-69.3632,33.33,60,0,3.98,GL,1660015327
Axams,47.2081,11.2869,51.04,88,2,2.3,AT,1660015327
Barentu,15.1139,37.5928,68.74,89,100,4.88,ER,1660015328
Lindi,-10.0,39.7167,63.39,96,19,4.41,TZ,1660015328
Narsaq,60.9167,-46.05,44.82,86,68,2.59,GL,1660015071
Káto Mazaráki,38.0667,21.65,78.4,52,0,4.97,GR,1660015329
Mahébourg,-20.4081,57.7,70.09,78,40,8.05,MU,1660015329
Uglovskoye,51.3557,80.1942,75.63,38,100,10.07,RU,1660015329
Bonfim,3.0833,-59.95,79.14,72,73,3.87,BR,1660015330
Bloomington,44.8408,-93.2983,68.32,79,0,0.0,US,1660015054
Canutama,-6.5339,-64.3831,74.98,73,13,2.46,BR,1660015330
Alyangula,-13.8483,136.4192,79.88,55,99,13.53,AU,1660015331
Lebu,-37.6167,-73.65,45.73,86,76,8.41,CL,1660015331
Dwārka,22.2394,68.9678,82.36,85,100,12.33,IN,1660015331
Butaritari,3.0707,172.7902,82.17,76,23,15.23,KI,1660015332
Dali,25.7,100.1833,74.89,65,71,0.36,CN,1660015332
Bethel,41.3712,-73.414,80.47,85,75,3.44,US,1660015302
Nortelândia,-14.4547,-56.8028,71.65,93,51,0.13,BR,1660015333
Barrow,71.2906,-156.7887,42.82,75,100,9.22,US,1660015333
Hobart,-42.8794,147.3294,55.26,62,20,5.75,AU,1660015220
Nikolskoye,59.7035,30.7861,54.88,95,69,0.43,RU,1660015333
Avarua,-21.2078,-159.775,75.25,57,75,19.57,CK,1660015334
Provideniya,64.3833,-173.3,55.51,54,20,11.18,RU,1660015334
Dumai,1.6833,101.45,86.79,58,94,2.95,ID,1660015335
Castro,-24.7911,-50.0119,56.55,98,100,9.22,BR,1660015335
Santiago del Estero,-27.7951,-64.2615,49.95,55,0,14.41,AR,1660015335
Moen,69.1304,18.6123,49.86,100,75,0.0,NO,1660015336
Ma-ao,10.4923,122.992,84.61,73,93,6.06,PH,1660015336
Hithadhoo,-0.6,73.0833,81.64,66,95,1.52,MV,1660015277
Pedernales,18.0384,-71.744,83.12,76,100,9.06,DO,1660015337
Chapais,49.7834,-74.8492,55.18,95,100,4.97,CA,1660015337
Shintomi,32.0785,131.4723,87.12,61,100,8.32,JP,1660015337
Torbay,47.6666,-52.7314,60.28,87,100,9.22,CA,1660015338
Rio Branco,-9.9747,-67.81,72.21,100,40,0.0,BR,1660015338
Mizdah,31.4451,12.9801,70.52,69,0,2.53,LY,1660015338
San Cristobal,7.7669,-72.225,73.58,94,71,2.66,VE,1660015339
Wanning,18.8003,110.3967,83.25,85,100,12.75,CN,1660015339
Biak,-0.9131,122.8766,80.24,78,41,6.22,ID,1660015339
Ahipara,-35.1667,173.1667,58.03,80,7,4.34,NZ,1660015319
Monrovia,6.3005,-10.7969,74.97,85,100,9.24,LR,1660015340
Hanstholm,57.1167,8.6167,58.48,91,63,12.59,DK,1660015340
Lavrentiya,65.5833,-171.0,44.87,75,36,12.66,RU,1660015156
Prince Rupert,54.3161,-130.3201,64.49,67,0,14.97,CA,1660015341
Westport,41.1415,-73.3579,82.89,86,0,9.22,US,1660015341
High Level,58.5169,-117.136,64.51,59,40,4.61,CA,1660015341
Ribeira Grande,38.5167,-28.7,73.85,78,4,10.47,PT,1660015342
Klyuchi,52.2667,79.1667,72.93,50,100,10.4,RU,1660015342
Santa Flavia,38.085,13.5351,80.38,74,0,5.99,IT,1660015342
Wau,7.7029,27.9953,70.61,91,100,3.49,SS,1660015343
Bredasdorp,-34.5322,20.0403,50.65,93,6,3.09,ZA,1660015343
Arrondissement du Havre,49.5833,0.3333,59.4,88,0,9.22,FR,1660015344
George Town,5.4112,100.3354,89.53,76,20,6.91,MY,1660015344
Bambous Virieux,-20.3428,57.7575,70.05,78,40,8.05,MU,1660015224
Sinnamary,5.3833,-52.95,78.94,85,97,10.47,GF,1660015344
Vanavara,60.34,102.2797,62.96,69,77,3.78,RU,1660015345
Pozo Colorado,-23.4923,-58.7972,59.79,77,100,8.21,PY,1660015345
Cayenne,4.9333,-52.3333,82.09,1,0,4.61,GF,1660015345
Norman Wells,65.282,-126.8329,69.84,40,75,8.05,CA,1660015346
Ostrovnoy,68.0531,39.5131,49.48,85,11,9.73,RU,1660015346
Atuona,-9.8,-139.0333,77.56,70,33,17.2,PF,1660015346
Gizo Government Station,-8.103,156.8419,83.21,71,68,5.79,SB,1660015347
Aktobe,50.2797,57.2072,68.09,68,19,2.24,KZ,1660015347
Tadine,-21.55,167.8833,70.36,69,98,15.97,NC,1660015347
Hambantota,6.1241,81.1185,81.16,73,100,18.14,LK,1660015348
Saint-Augustin,51.226,-58.6502,55.96,70,100,0.94,CA,1660015348
Faanui,-16.4833,-151.75,76.8,62,44,15.84,PF,1660015349
Padang,-0.9492,100.3543,84.25,67,15,3.2,ID,1660015228
Acheng,45.5454,126.977,73.65,55,0,15.95,CN,1660015349
Griffith,41.5284,-87.4237,69.66,91,100,9.22,US,1660015237
Wagar,16.1525,36.2032,77.74,76,98,12.82,SD,1660015349
Pirapora do Bom Jesus,-23.3969,-47.0022,65.01,94,100,5.03,BR,1660015350
Guanaja,16.4,-85.9,82.47,77,99,12.77,HN,1660015095
Yeppoon,-23.1333,150.7333,69.58,42,0,6.51,AU,1660015350
Mar del Plata,-38.0023,-57.5575,50.09,90,0,4.0,AR,1660015350
Katsuura,35.1333,140.3,85.14,75,90,22.21,JP,1660015229
Portland,45.5234,-122.6762,82.38,56,20,9.22,US,1660014978
Kiruna,67.8557,20.2251,43.72,81,100,6.91,SE,1660015351
Coquimbo,-29.9533,-71.3436,51.53,76,0,4.61,CL,1660015084
Bilibino,68.0546,166.4372,65.41,30,100,6.02,RU,1660015151
Shizunai-furukawachō,42.3339,142.3669,70.95,98,100,5.7,JP,1660015351
Klamath Falls,42.2249,-121.7817,81.97,25,20,8.05,US,1660015352
Caravelas,-17.7125,-39.2481,72.55,75,5,9.01,BR,1660015317
Bariloche,-41.1456,-71.3082,28.15,93,40,4.61,AR,1660015146
Umba,66.6871,34.3429,49.23,84,29,3.87,RU,1660015352
Mugur-Aksy,50.35,90.5,62.47,51,17,0.87,RU,1660015352
Kirakira,-10.4544,161.9205,83.93,70,16,6.33,SB,1660015353
Golden,39.7555,-105.2211,78.62,55,5,5.01,US,1660015233
Praia da Vitória,38.7333,-27.0667,71.76,88,20,5.32,PT,1660015353
Nogliki,51.8333,143.1667,70.36,69,53,12.71,RU,1660015353
Nyurba,63.2842,118.3319,66.85,64,100,7.67,RU,1660015354
Asău,46.4333,26.4,63.52,90,5,3.15,RO,1660015354
Port Alfred,-33.5906,26.891,60.17,81,80,8.48,ZA,1660015354
Nanortalik,60.1432,-45.2371,41.36,93,36,7.49,GL,1660015355
Isangel,-19.55,169.2667,78.91,73,57,11.5,VU,1660015355
Alfred,42.2542,-77.7906,77.99,82,87,8.99,US,1660015355
Te Anau,-45.4167,167.7167,35.42,83,17,1.32,NZ,1660015058
Nago,26.5881,127.9761,91.83,71,48,7.52,JP,1660015356
Kaitangata,-46.2817,169.8464,44.83,60,23,12.33,NZ,1660015356
São Filipe,14.8961,-24.4956,79.0,82,64,5.7,CV,1660015297
Touros,-5.1989,-35.4608,73.45,89,25,12.21,BR,1660015107
Sitka,57.0531,-135.33,62.49,67,20,13.8,US,1660015356
Roald,62.5833,6.1333,62.17,88,100,6.91,NO,1660015357
Flinders,-34.5833,150.8552,55.06,86,100,11.61,AU,1660015357
Farafangana,-22.8167,47.8333,62.76,90,6,4.79,MG,1660015357
Kallaste,58.655,27.1592,57.43,80,96,3.83,EE,1660015357
Korla,41.7597,86.1469,91.49,23,12,10.16,CN,1660015358
Boulsa,12.6675,-0.5758,79.77,72,89,7.61,BF,1660015358
Vao,-22.6667,167.4833,68.59,59,46,18.25,NC,1660015358
Tugulym,57.0591,64.6425,68.32,69,6,4.59,RU,1660015359
Östersund,63.1792,14.6357,54.05,82,100,5.75,SE,1660015359
Ancud,-41.8697,-73.8203,45.23,84,100,5.35,CL,1660015359
Fukuechō,32.6881,128.8419,86.36,79,75,10.36,JP,1660015360
Chui,-33.6971,-53.4616,48.02,86,84,7.11,UY,1660015071
Hilo,19.7297,-155.09,88.29,83,75,6.91,US,1660015360
Saint-Philippe,-21.3585,55.7679,65.21,79,39,8.99,RE,1660015360
San Antonio,29.4241,-98.4936,90.05,59,75,12.66,US,1660015361
Raja,8.4596,25.678,68.5,97,93,4.79,SS,1660015361
Birao,10.2849,22.7882,70.29,96,84,4.88,CF,1660015361
Dera Bugti,29.0307,69.151,89.01,61,68,5.95,PK,1660015361
Albany,42.6001,-73.9662,77.68,85,84,6.4,US,1660015329
Charters Towers,-20.1,146.2667,71.85,22,0,11.23,AU,1660015362
Qaqortoq,60.7167,-46.0333,41.97,92,62,6.24,GL,1660015241
Alice Springs,-23.7,133.8833,72.95,13,4,9.22,AU,1660015161
Genhe,50.7833,121.5167,67.3,35,71,14.07,CN,1660015362
Cidreira,-30.1811,-50.2056,59.54,85,100,12.5,BR,1660015362
Baoding,38.8511,115.4903,66.34,96,100,8.14,CN,1660015363
Mgandu,-5.95,34.1333,53.22,74,3,6.24,TZ,1660015363
Port Macquarie,-31.4333,152.9167,61.9,70,32,16.6,AU,1660015363
Moree,-29.4667,149.85,61.74,40,1,7.63,AU,1660015364
Skjervøy,70.0311,20.9714,50.0,72,100,11.56,NO,1660015364
San Patricio,28.017,-97.5169,85.86,69,23,12.08,US,1660015364
Krasnosel'kup,65.7,82.4667,77.31,54,0,11.03,RU,1660015365
Flin Flon,54.7682,-101.865,59.04,87,58,7.9,CA,1660015365
Buraidah,26.326,43.975,90.05,19,0,9.82,SA,1660015365
Henties Bay,-22.116,14.2845,53.98,86,8,4.59,NA,1660015365
Inta,66.0317,60.1659,60.12,70,99,11.5,RU,1660015366
Ust-Nera,64.5667,143.2,75.79,41,3,1.95,RU,1660015366
Pevek,69.7008,170.3133,43.95,67,87,12.21,RU,1660015366
Enshi,30.3,109.4833,92.52,56,70,2.3,CN,1660015367
Ilulissat,69.2167,-51.1,41.02,93,100,10.36,GL,1660015300
Paptalaya,15.5,-84.3167,74.93,95,100,2.01,HN,1660015367
Dashitou,43.3067,128.5114,74.25,50,30,12.46,CN,1660015367
Mbini,1.574,9.6134,75.47,87,99,9.78,GQ,1660015368
Esperance,-33.8667,121.9,55.81,65,32,16.46,AU,1660015368
Vrangel',42.7297,133.0839,74.7,53,99,5.77,RU,1660015368
Labuhan,-6.8844,112.2051,86.38,57,5,4.05,ID,1660015369
Carauari,-4.8828,-66.8958,75.09,86,43,1.1,BR,1660015369
Boa Vista,2.8197,-60.6733,84.18,70,0,4.61,BR,1660015369
Buala,-8.145,159.5921,84.76,67,26,4.61,SB,1660015370
Brae,60.3964,-1.353,55.26,93,100,11.32,GB,1660015370
Codrington,-38.2667,141.9667,57.13,52,5,7.38,AU,1660015370
Bathsheba,13.2167,-59.5167,83.01,83,40,17.27,BB,1660015370
Hong Kong,22.2855,114.1577,82.45,88,100,11.99,HK,1660015346
Mahibadhoo,3.7833,72.9667,82.06,77,100,13.76,MV,1660015371
Puerto Baquerizo Moreno,-0.9,-89.6,68.14,77,90,10.8,EC,1660015365
Fryanovo,56.1333,38.45,56.71,95,100,4.63,RU,1660015371
Grand Gaube,-20.0064,57.6608,70.2,76,3,1.99,MU,1660015372
Kuusamo,65.9667,29.1833,44.64,93,20,1.14,FI,1660015372
Bubaque,11.2833,-15.8333,79.36,83,71,11.92,GW,1660015372
Camacha,33.0833,-16.3333,65.62,83,40,12.66,PT,1660015372
Talnakh,69.4865,88.3972,63.21,85,62,2.66,RU,1660015373
Coos Bay,43.3665,-124.2179,64.31,91,100,5.75,US,1660015373
Visnes,59.3556,5.2242,56.21,94,20,6.91,NO,1660015373
Pandan,14.0453,124.1694,84.09,74,99,0.89,PH,1660015374
Husavik,66.0449,-17.3389,54.66,72,100,18.79,IS,1660015374
Samarai,-10.6167,150.6667,81.14,66,62,14.47,PG,1660015374
Severo-Kuril'sk,50.6789,156.125,55.74,95,100,21.47,RU,1660015375
Urubichá,-15.3833,-62.95,66.11,97,84,5.59,BO,1660015375
Margate,51.3813,1.3862,62.69,92,6,1.01,GB,1660015375
Fairbanks,64.8378,-147.7164,62.6,53,75,12.66,US,1660015375
Klaksvík,62.2266,-6.589,52.72,94,83,16.96,FO,1660015376
Port Hedland,-20.3167,118.5667,84.25,11,4,9.22,AU,1660015183
Sioux Lookout,50.1001,-91.917,66.27,77,0,4.61,CA,1660015376
Port Elizabeth,-33.918,25.5701,55.69,97,0,9.22,ZA,1660015376
Raudeberg,61.9875,5.1352,57.96,64,100,17.4,NO,1660015377
Dingle,10.9995,122.6711,81.9,79,100,3.33,PH,1660015377
Camaná,-16.6228,-72.7111,60.39,80,24,10.0,PE,1660015377
Juneau,58.3019,-134.4197,59.85,90,100,3.44,US,1660015378
Cabo San Lucas,22.8909,-109.9124,86.5,77,90,6.44,MX,1660015326
Quelimane,-17.8786,36.8883,60.75,100,0,4.61,MZ,1660015378
Plettenberg Bay,-34.0527,23.3716,58.8,71,88,6.78,ZA,1660015378
Marzuq,14.4,46.4667,76.39,73,90,5.26,YE,1660015379
Saint Paul Harbor,57.79,-152.4072,56.71,72,100,3.44,US,1660015288
Crotone,39.0851,17.1178,77.2,69,31,10.6,IT,1660015379
Oriximiná,-1.7656,-55.8661,77.99,70,97,3.15,BR,1660015380
Staryy Nadym,65.6118,72.6842,63.73,66,56,17.16,RU,1660015380
Kroya,-7.6331,109.2461,81.9,69,45,10.18,ID,1660015380
Ugento,39.9263,18.1574,75.45,70,58,9.8,IT,1660015380
Kandrian,-6.2167,149.55,81.34,82,79,10.4,PG,1660015381
Penzance,50.1186,-5.5371,61.48,79,6,12.41,GB,1660015381
Cockburn Town,21.4612,-71.1419,81.73,87,100,22.08,TC,1660015381
Togur,58.3631,82.8265,64.71,63,88,7.0,RU,1660015382
Pital,2.2665,-75.8044,66.45,88,22,5.77,CO,1660015382
Limanowa,49.7059,20.422,52.34,88,50,1.16,PL,1660015382
Malinovskiy,61.1953,62.8397,72.5,59,61,6.76,RU,1660015383
Departamento de Maldonado,-34.6667,-54.9167,50.23,83,93,2.91,UY,1660015383
Bereda,43.2686,-7.5406,63.57,100,36,4.45,ES,1660015383
Christchurch,-43.5333,172.6333,45.91,62,100,10.36,NZ,1660015246
Dalvik,65.9702,-18.5286,55.33,83,99,10.31,IS,1660015384
Vilcún,-38.65,-72.2333,34.54,92,45,1.66,CL,1660015384
Olafsvik,64.8945,-23.7142,51.8,96,100,14.63,IS,1660015154
Tocopilla,-22.092,-70.1979,61.29,65,0,3.67,CL,1660015385
Rio Grande,-32.035,-52.0986,53.94,79,51,14.45,BR,1660015385
Buin,-33.7333,-70.75,49.12,42,0,4.09,CL,1660015385
Tamiahua,21.2667,-97.45,79.59,76,12,4.54,MX,1660015370
Bijāwar,24.6333,79.5,83.98,73,65,12.28,IN,1660015386
Sarkand,45.41,79.9186,74.57,49,41,4.32,KZ,1660015386
Hailin,44.5833,129.4167,77.11,41,0,13.94,CN,1660015386
Uchaly,54.2996,59.4521,64.78,81,9,4.88,RU,1660015386
Mabamba,-3.5983,30.5019,61.11,46,8,1.5,TZ,1660015387
Kotido,2.9806,34.1331,66.33,85,80,4.18,UG,1660015387
Upata,8.0086,-62.3989,77.2,87,15,3.44,VE,1660015387
Upernavik,72.7868,-56.1549,42.49,82,100,2.1,GL,1660015388
Neuquén,-38.9516,-68.0591,44.49,81,100,3.44,AR,1660015388
Arraial do Cabo,-22.9661,-42.0278,70.21,88,99,7.58,BR,1660015339
Presidencia Roque Sáenz Peña,-26.7852,-60.4388,54.86,73,71,5.91,AR,1660015388
Shimoda,34.6667,138.95,93.11,74,77,14.43,JP,1660015389
Malanje,-9.5402,16.341,60.71,53,4,2.28,AO,1660015389
Mehamn,71.0357,27.8492,49.91,83,100,14.56,NO,1660015389
Hamilton,39.1834,-84.5333,80.44,87,0,5.75,US,1660015167
Borgarnes,64.5383,-21.9206,54.81,96,100,5.68,IS,1660015390
Carutapera,-1.195,-46.02,76.37,88,30,6.35,BR,1660015390
Yabēlo,4.8833,38.0833,56.64,68,79,6.44,ET,1660015391
Bahía Honda,22.9036,-83.1592,80.01,84,9,8.66,CU,1660015391
Iztapa,13.9333,-90.7075,76.75,89,100,3.58,GT,1660015391
Lata,40.1629,-8.3327,60.15,90,0,2.19,PT,1660015222
Coihueco,-36.6167,-71.8333,41.74,93,0,6.91,CL,1660015392
Antalaha,-14.9003,50.2788,67.93,82,73,7.81,MG,1660015392
Salalah,17.0151,54.0924,75.29,100,100,5.75,OM,1660015376
Rabo de Peixe,37.8,-25.5833,69.31,88,75,2.3,PT,1660015392
Port Lincoln,-34.7333,135.8667,59.36,48,45,14.43,AU,1660015393
Camocim,-2.9022,-40.8411,74.98,79,4,11.99,BR,1660015394
Şuraabad,40.8192,49.4687,77.47,61,52,25.08,AZ,1660015394
Băiţa de sub Codru,47.5333,23.15,63.59,94,100,1.81,RO,1660015395
Allonnes,47.9674,0.1581,64.44,63,0,5.75,FR,1660015395
Laas,46.6166,10.7002,63.48,83,0,2.42,IT,1660015395
Nyrob,60.733,56.7202,64.49,91,29,4.18,RU,1660015396
Pitsunda,43.1592,40.3378,69.98,55,0,5.08,GE,1660015396
Tiksi,71.6872,128.8694,52.14,75,100,10.38,RU,1660015396
Daru,-9.0763,143.2092,81.16,73,3,13.98,PG,1660015397
Shumyachi,53.8583,32.4242,57.31,77,100,5.99,RU,1660015397
Kawalu,-7.3817,108.2082,76.23,77,87,2.57,ID,1660015397
Aitape,-3.1374,142.3475,83.35,75,66,8.21,PG,1660015398
Bertinoro,44.1469,12.1389,70.29,94,20,3.0,IT,1660015398
Cabatuan,10.8794,122.486,81.99,79,99,4.43,PH,1660015398
Hasaki,35.7333,140.8333,95.29,73,77,25.14,JP,1660015399
Alofi,-19.0595,-169.9187,78.69,69,75,13.8,NU,1660015399
Two Hills,53.7169,-111.7518,61.16,59,0,7.4,CA,1660015400
Kavaratti,10.5669,72.642,80.82,83,100,22.82,IN,1660015157
Pangnirtung,66.1451,-65.7125,43.29,81,51,1.99,CA,1660015404
Khovd,48.0056,91.6419,71.56,36,100,2.55,MN,1660015405
San Andrés,12.5847,-81.7006,82.42,83,100,6.91,CO,1660015405
Dimitrovgrad,54.2139,49.6184,68.9,78,100,3.53,RU,1660015405
Skibbereen,51.55,-9.2667,54.1,78,55,5.17,IE,1660015406
Bud,39.447,-86.1758,80.55,86,1,7.09,US,1660015406
Ponta do Sol,32.6667,-17.1,71.71,80,0,3.6,PT,1660015406
Ørje,59.4802,11.6602,50.36,98,100,3.38,NO,1660015407
Isla Vista,34.4133,-119.861,79.02,64,0,5.75,US,1660015407
Forécariah,9.4306,-13.0881,74.16,96,93,1.81,GN,1660015407
Nemuro,43.3236,145.575,68.31,94,100,17.49,JP,1660015408
Aripuanã,-9.1667,-60.6333,74.17,72,18,0.89,BR,1660015408
Inírida,3.8653,-67.9239,73.87,97,60,3.02,CO,1660015408
Harrison,30.4091,-89.0436,77.07,91,0,3.44,US,1660015409
Los Llanos de Aridane,28.6585,-17.9182,67.75,78,100,16.11,ES,1660015409
Teeli,51.0333,90.2333,68.45,51,2,2.55,RU,1660015409
Solnechnyy,50.7214,136.6319,69.03,51,60,8.99,RU,1660015410
Rome,43.2128,-75.4557,77.67,94,0,0.0,US,1660015410
Springbok,-29.6643,17.8865,49.24,40,27,8.84,ZA,1660015410
Qasigiannguit,68.8193,-51.1922,41.25,98,100,8.55,GL,1660015411
Seredka,58.1584,28.1858,51.55,91,100,1.1,RU,1660015411
Ballarat,-37.5662,143.8496,52.74,45,4,4.25,AU,1660015411
Kavieng,-2.5744,150.7967,83.53,71,24,9.78,PG,1660015412
Port-Gentil,-0.7193,8.7815,73.85,84,100,16.62,GA,1660015412
Hirara,24.8,125.2833,86.27,79,40,10.36,JP,1660015412
Gold Coast,-28.0,153.4333,72.77,60,40,11.5,AU,1660015342
Acaraú,-2.8856,-40.12,75.88,85,3,13.38,BR,1660015413
Necochea,-38.5473,-58.7368,46.04,59,99,6.38,AR,1660015413
Fortuna,40.5982,-124.1573,64.92,80,0,9.22,US,1660015413
Srednekolymsk,67.45,153.6833,82.09,39,73,3.42,RU,1660015414
Esim,4.8699,-2.2405,74.14,82,97,8.25,GH,1660015414
Tura,25.5198,90.2201,82.63,73,3,6.2,IN,1660015414
Tokur,53.1333,132.9,50.54,94,100,1.77,RU,1660015414
Lokosovo,61.1333,74.8167,73.49,58,0,3.62,RU,1660015415
Artigas,-30.4,-56.4667,52.03,88,99,15.93,UY,1660015286
Santa Isabel Rio Negro,-0.4139,-65.0192,73.98,94,72,2.01,BR,1660015403
Hauge i Dalane,58.3436,6.2812,56.7,87,100,8.08,NO,1660015415
Chancay,-11.5714,-77.2672,60.4,87,51,8.1,PE,1660015416
Forsytheganj,52.6333,29.7333,56.35,80,100,5.03,BY,1660015416
Clyde River,70.4692,-68.5914,43.03,75,100,21.85,CA,1660015416
Makakilo City,21.3469,-158.0858,82.72,58,40,16.11,US,1660015416
Nanticoke,41.2054,-76.0049,78.48,95,86,3.98,US,1660015417
Sabirabad,40.0095,48.4752,79.23,54,76,2.68,AZ,1660015420
Mount Gambier,-37.8333,140.7667,57.49,53,5,4.72,AU,1660015420
Chokurdakh,70.6333,147.9167,70.74,45,71,4.7,RU,1660015398
Vila Franca do Campo,37.7167,-25.4333,70.21,89,49,4.47,PT,1660015421
Nur-Sultan,51.1801,71.446,60.75,88,75,4.47,KZ,1660015242
Nouadhibou,20.931,-17.0347,75.18,88,8,10.36,MR,1660015421
Ozernovskiy,51.5,156.5167,60.17,82,100,12.71,RU,1660015421
Souillac,-20.5167,57.5167,70.18,78,40,8.05,MU,1660015425
Kumul,42.8,93.45,94.08,17,0,7.4,CN,1660015394
Rawson,-43.3002,-65.1023,43.03,69,51,15.35,AR,1660015425
Tommot,58.9564,126.2925,55.09,97,100,10.92,RU,1660015425
Opuwo,-18.0607,13.84,62.29,26,0,4.5,NA,1660015426
Tuatapere,-46.1333,167.6833,44.11,56,5,5.39,NZ,1660015426
Kaliningrad,54.7065,20.511,51.85,90,52,1.92,RU,1660015426
Illapel,-31.6308,-71.1653,53.1,36,0,5.03,CL,1660015426
Katima Mulilo,-17.5,24.2667,55.09,35,0,3.22,NA,1660015427
Sur,22.5667,59.5289,90.46,51,99,2.71,OM,1660015427
Presidente Venceslau,-21.8761,-51.8439,66.87,95,100,4.07,BR,1660015427
Chengde,40.9725,117.9361,72.36,77,100,1.03,CN,1660015428
Tanabe,33.7333,135.3667,88.81,74,20,9.22,JP,1660015428
Bongandanga,1.5,21.05,70.56,87,44,2.24,CD,1660015428
Jerez,14.1,-89.75,66.54,94,99,3.29,GT,1660015429
Jacareacanga,-6.2222,-57.7528,76.26,73,100,1.12,BR,1660015429
Kato Souli,38.1667,24.0,82.27,57,0,15.73,GR,1660015429
İdil,37.3411,41.8895,79.09,33,0,2.17,TR,1660015430
Kongolo,-5.3833,27.0,71.94,38,0,1.45,CD,1660015430
Harper,4.375,-7.7169,74.05,82,94,9.75,LR,1660015430
Muzhi,65.3667,64.6667,63.55,55,61,11.03,RU,1660015430
Pangai,-19.8,-174.35,80.71,89,20,11.5,TO,1660015339
Yerbogachën,61.2767,108.0108,59.74,68,97,2.91,RU,1660015431
Zambezi,-13.5432,23.1047,51.75,33,0,5.66,ZM,1660015431
Benjamin Constant,-4.3831,-70.0311,75.33,89,72,1.12,BR,1660015431
Ust-Kuyga,70.0167,135.6,68.13,45,80,3.94,RU,1660015432
Nicoya,10.1483,-85.452,74.14,88,100,2.62,CR,1660015432
Lorengau,-2.0226,147.2712,84.11,71,55,10.87,PG,1660015228
Mitsamiouli,-11.3847,43.2844,74.57,67,78,5.37,KM,1660015434
Kungurtug,50.5994,97.5228,67.59,54,100,0.78,RU,1660015435
Chalon-sur-Saône,46.7833,4.85,59.83,60,1,7.87,FR,1660015435
Marawi,7.9986,124.2928,81.63,60,87,4.47,PH,1660015435
Beringovskiy,63.05,179.3167,48.16,61,23,7.05,RU,1660015436
Vardø,70.3705,31.1107,49.98,87,100,4.61,NO,1660015436
Aksu,41.1231,80.2644,80.38,42,100,5.1,CN,1660015436
Airai,-8.9266,125.4092,75.07,43,89,5.57,TL,1660015436
Shuya,56.8487,41.3883,58.26,91,91,4.88,RU,1660015437
The Valley,18.217,-63.0578,82.26,78,0,19.19,AI,1660015383
Moindou,-21.6924,165.677,69.85,58,89,9.86,NC,1660015437
Tazovsky,67.4667,78.7,56.21,85,34,14.0,RU,1660015437
Lerwick,60.1545,-1.1494,55.4,92,100,11.68,GB,1660015438
Leningradskiy,69.3833,178.4167,40.57,75,57,5.3,RU,1660015438
Stokmarknes,68.5646,14.9108,55.38,88,75,16.11,NO,1660015438
Jizan,17.3333,42.6667,81.54,75,91,4.27,SA,1660015439
Big Spring,32.2504,-101.4787,84.65,48,100,11.5,US,1660015439
Atambua,-9.1061,124.8925,84.33,48,77,2.55,ID,1660015439
Shitanjing,39.2342,106.3439,69.19,73,99,8.08,CN,1660015440
Pengcheng,36.4311,114.17,68.9,86,100,13.87,CN,1660015440
Martin,27.0837,-80.4164,83.93,91,34,7.67,US,1660015440
Sukhumi,43.0033,41.0153,71.6,51,0,4.41,GE,1660015440
Sungai Penuh,-2.0833,101.3833,76.68,65,46,2.51,ID,1660015441
Arroyo Grande,35.1186,-120.5907,68.04,78,0,12.66,US,1660015441
Verāval,20.9,70.3667,82.26,85,100,11.16,IN,1660015441
Conakry,9.538,-13.6773,77.09,86,85,5.82,GN,1660015442
Kānker,20.2719,81.4931,76.91,90,100,5.26,IN,1660015442
Nome,64.5011,-165.4064,55.47,62,75,11.5,US,1660015442
Norwich,52.6278,1.2983,58.93,92,5,3.44,GB,1660015273
Iqaluit,63.7506,-68.5145,47.93,76,20,5.75,CA,1660015392
Puerto Escondido,15.85,-97.0667,80.49,83,99,4.47,MX,1660015445
Bilma,18.6853,12.9164,84.38,51,78,10.09,NE,1660015445
Hecun,36.5333,114.1111,68.0,86,100,12.8,CN,1660015445
Eyl,7.9803,49.8164,76.21,68,84,21.21,SO,1660015446
Durango,24.8333,-104.8333,65.71,59,69,4.85,MX,1660015446
Kalmunai,7.4167,81.8167,81.73,58,90,5.5,LK,1660015446
Nagato,34.3833,131.2,87.85,64,84,13.09,JP,1660015447
Conde,-7.2597,-34.9075,71.06,94,20,5.75,BR,1660015447
Lagos,6.5833,3.75,73.51,87,100,4.63,NG,1660015283
Robertsport,6.7533,-11.3686,76.06,85,100,11.03,LR,1660015222
Turochak,52.2576,87.1224,68.83,72,67,1.61,RU,1660015447
Gigmoto,13.7796,124.39,85.3,72,100,4.36,PH,1660015448
Atasū,48.6814,71.6433,66.42,59,93,9.08,KZ,1660015448
Esmeralda,21.8525,-78.1169,79.68,84,51,12.01,CU,1660015449
Pitimbu,-7.4706,-34.8086,72.19,80,80,12.08,BR,1660015449
Tigzirt,36.8886,4.1198,79.43,51,0,7.45,DZ,1660015449
Saldanha,-33.0117,17.9442,42.85,81,0,5.12,ZA,1660015450
Tubli,13.9318,124.1478,84.81,73,100,0.47,PH,1660015450
Mastic Beach,40.7668,-72.8521,79.54,89,0,21.99,US,1660015450
Saint-Raphaël,19.4333,-72.2,72.82,86,100,2.64,HT,1660015451
Aasiaat,68.7098,-52.8699,38.16,95,100,11.12,GL,1660015451
Ilebo,-4.3167,20.5833,70.05,39,0,0.6,CD,1660015452
Lamu,-2.2717,40.902,71.82,79,25,16.13,KE,1660015453
Inuvik,68.3499,-133.7218,63.46,55,75,4.61,CA,1660015456
Stavern,59.0,10.0333,55.31,97,100,3.0,NO,1660015456
Oudtshoorn,-33.5907,22.2014,59.36,69,31,5.77,ZA,1660015456
Nabire,-3.3667,135.4833,76.33,92,100,4.65,ID,1660015457
Dongsheng,39.8161,109.9776,66.9,65,97,17.05,CN,1660015457
Bonthe,7.5264,-12.505,75.63,89,100,7.49,SL,1660015458
Pacific Grove,36.6177,-121.9166,69.48,84,0,8.05,US,1660015458
Aswān,24.0934,32.907,87.71,26,12,9.91,EG,1660015458
Periyapatti,10.75,77.2667,78.01,63,100,22.53,IN,1660015459
Baghdad,33.3406,44.4009,82.31,26,0,8.05,IQ,1660015237
Pāli,25.7667,73.3333,88.9,61,19,8.9,IN,1660015460
Kolokani,13.5728,-8.0339,72.54,80,100,1.3,ML,1660015461
Ilhabela,-23.7781,-45.3581,67.21,90,100,4.65,BR,1660015461
Walvis Bay,-22.9575,14.5053,52.09,93,0,3.44,NA,1660015461
Collie,-33.3667,116.15,47.66,90,97,9.51,AU,1660015462
Krasnoarmiys'k,48.282,37.1758,68.32,39,0,7.05,UA,1660015462
Blackwater,-23.5833,148.8833,67.03,30,0,6.08,AU,1660015462
Polunochnoye,60.8697,60.4153,70.72,65,14,3.29,RU,1660015463
Cherskiy,68.75,161.3,71.22,28,97,16.82,RU,1660015463
Hobyo,5.3505,48.5268,75.34,82,77,22.1,SO,1660015464
Grindavik,63.8424,-22.4338,52.27,100,100,23.02,IS,1660015464
Wilmington,34.2257,-77.9447,82.85,74,0,8.05,US,1660015206
Uyo,5.0333,7.9266,72.79,96,100,3.67,NG,1660015464
Jalu,29.0331,21.5482,78.87,65,0,8.79,LY,1660015465
Takhli,15.2634,100.3438,75.09,93,100,2.95,TH,1660015465
Ivaiporã,-24.2478,-51.6847,59.99,98,100,2.04,BR,1660015465
Lakes Entrance,-37.8811,147.981,57.16,63,5,4.7,AU,1660015466
Kamenka,51.3223,42.7678,68.23,50,13,5.64,RU,1660015466
Gijang,35.2442,129.2139,89.33,69,100,16.53,KR,1660015466
Melo,-32.3667,-54.1833,44.82,94,25,11.23,UY,1660015467
Vysokogornyy,50.1167,139.15,69.37,45,28,13.98,RU,1660015467
La Ronge,55.1001,-105.2842,57.45,82,100,17.27,CA,1660015468
Utamysh,42.4072,47.7511,73.18,59,6,4.79,RU,1660015468
Loreto,22.2667,-101.9667,62.96,68,33,20.69,MX,1660015468
Río Gallegos,-51.6226,-69.2181,39.25,65,0,11.5,AR,1660015468
Guerrero Negro,27.9769,-114.0611,75.6,77,13,14.97,MX,1660015469
Najrān,17.4924,44.1277,81.25,58,24,7.14,SA,1660015469
Mayumba,-3.432,10.6554,68.83,94,97,3.44,GA,1660015469
Mwinilunga,-11.7358,24.4293,53.33,46,0,4.14,ZM,1660015470
Arrondissement d'Arcachon,44.5875,-1.0519,71.92,45,0,6.91,FR,1660015470
Ayagoz,47.9714,80.4392,73.56,48,64,8.23,KZ,1660015470
Borovoy,55.4333,86.0833,70.88,60,0,8.95,RU,1660015471
Sevierville,35.8681,-83.5618,78.44,87,0,0.0,US,1660015471
Bairiki Village,1.3292,172.9752,87.8,70,40,12.66,KI,1660015471
Yangi Marg`ilon,40.4272,71.7189,88.52,25,0,6.91,UZ,1660015472
Dinguiraye,11.3,-10.7167,69.33,97,100,2.1,GN,1660015472
Eureka,40.8021,-124.1637,67.68,82,4,3.0,US,1660015302
Starachowice,51.0374,21.0713,57.65,84,0,3.2,PL,1660015472
Srīvardhan,18.0333,73.0167,79.48,88,100,21.43,IN,1660015473
Tynda,55.1667,124.7167,51.62,98,100,3.74,RU,1660015473
Sigli,5.3848,95.9609,84.15,56,99,1.16,ID,1660015473
Maragogi,-9.0122,-35.2225,74.52,76,99,9.1,BR,1660015438
Cruzeiro,-22.5761,-44.9628,64.2,84,100,0.47,BR,1660015474
Ribeira Brava,32.65,-17.0667,71.71,81,0,3.29,PT,1660015474
Zhirnovsk,50.9845,44.7735,70.72,51,3,4.47,RU,1660015474
Cervo,43.6702,-7.4101,66.31,92,18,7.58,ES,1660015475
Lynn Haven,30.2455,-85.6483,78.06,91,95,1.88,US,1660015475
Taoudenni,22.6783,-3.9836,99.81,11,6,16.22,ML,1660015270
Vilyuysk,63.7553,121.6247,67.64,59,100,9.57,RU,1660015475
Karpogory,64.0019,44.4451,54.61,76,54,0.56,RU,1660015476
Pisco,-13.7,-76.2167,58.01,82,20,5.75,PE,1660015476
Uvira,-3.4067,29.1458,70.74,54,9,4.54,CD,1660015476
Nishihara,26.1842,127.7558,91.06,70,75,10.36,JP,1660015477
Manakara,-22.1333,48.0167,64.69,81,56,2.68,MG,1660015477
Uray,60.1247,64.7758,72.93,60,19,5.03,RU,1660015231
Iquique,-20.2208,-70.1431,55.44,72,3,4.52,CL,1660015477
Zlynka,52.4267,31.7378,57.61,81,100,6.53,RU,1660015477
Lagoa,39.05,-27.9833,73.06,78,4,13.09,PT,1660015459
Ladário,-19.0047,-57.6017,66.25,95,89,4.41,BR,1660015478
Abu Samrah,35.3029,37.1841,69.8,78,0,9.28,SY,1660015478
Novorzhev,57.0294,29.3338,55.8,91,100,3.13,RU,1660015478
Kununurra,-15.7667,128.7333,91.38,25,3,9.22,AU,1660015393
Gunnedah,-30.9833,150.25,59.83,45,2,8.32,AU,1660015479
San Jose,37.3394,-121.895,73.31,66,20,16.11,US,1660015307
Van Wert,40.8695,-84.5841,77.94,94,75,5.75,US,1660015479
Khor,47.8861,134.9464,73.04,64,2,14.76,RU,1660015480
Yar-Sale,66.8333,70.8333,57.56,68,98,7.2,RU,1660015480
Biltine,14.5333,20.9167,75.51,75,100,9.28,TD,1660015480
Ola,59.5833,151.2833,79.14,56,87,0.69,RU,1660015480
Zhigansk,66.7697,123.3711,60.08,65,53,12.48,RU,1660015481
Parabel',58.6978,81.4825,67.05,56,16,6.51,RU,1660015481
Plaisir,48.8232,1.9541,65.23,74,0,10.36,FR,1660015481
Boca do Acre,-8.7522,-67.3978,73.22,92,62,1.03,BR,1660015426
Pangody,65.85,74.4859,63.59,70,33,14.03,RU,1660015482
Kailua,21.4022,-157.7394,84.18,74,100,12.66,US,1660015482
Tianpeng,30.9866,103.9393,91.87,72,100,4.12,CN,1660015482
Namatanai,-3.6667,152.4333,84.94,65,37,4.88,PG,1660015393
San Juan,-31.5375,-68.5364,41.32,69,16,4.36,AR,1660015187
Kintinku,-5.8833,35.2333,60.46,69,36,2.73,TZ,1660015483
Kodinsk,58.6881,99.1844,70.75,48,54,0.65,RU,1660015483
Richards Bay,-28.783,32.0377,65.1,85,80,16.67,ZA,1660015483
São João da Barra,-21.6403,-41.0511,69.33,90,75,7.14,BR,1660015484
Marabu,4.4148,114.0089,87.94,74,40,5.75,MY,1660015484
Caiapônia,-16.9567,-51.8103,68.79,57,96,5.93,BR,1660015484
Kargasok,59.0556,80.8572,67.3,55,23,5.03,RU,1660015485
Mamakan,57.8161,114.0028,55.92,87,100,3.71,RU,1660015485
Omsukchan,62.5333,155.8,73.47,45,99,9.22,RU,1660015485
Vostok,46.4856,135.8833,71.04,41,0,12.5,RU,1660015485
Kiunga,-6.1219,141.2906,84.49,67,100,5.17,PG,1660015486
Iralaya,15.0,-83.2333,79.3,88,100,9.71,HN,1660015486
Dawan,24.34,112.948,88.05,66,86,5.39,CN,1660015486
Shingū,33.7333,135.9833,90.45,62,100,11.12,JP,1660015237
Sonqor,34.7837,47.6004,74.8,26,0,3.98,IR,1660015487
Churapcha,62.0025,132.4325,60.96,62,100,6.93,RU,1660015487
Mamu Kanjan,30.8333,72.8,91.04,58,16,8.1,PK,1660015487
Emerald,-23.5333,148.1667,65.34,44,0,11.56,AU,1660015488
Shache,38.4167,77.2406,81.97,39,88,2.91,CN,1660015488
Ogdensburg,44.6942,-75.4863,78.03,89,100,9.22,US,1660015488
Oistins,13.0667,-59.5333,82.49,83,40,17.27,BB,1660015365
Chirongui,-12.9319,45.1483,75.13,67,50,9.84,YT,1660015489
Lázaro Cárdenas,17.9583,-102.2,80.06,78,100,1.68,MX,1660015489
Sambava,-14.2667,50.1667,66.52,87,50,11.27,MG,1660015489
Kŭlob,37.9145,69.783,84.96,30,0,6.71,TJ,1660015490
Marsh Harbour,26.5412,-77.0636,83.61,76,4,13.42,BS,1660015490
Mogadishu,2.0371,45.3438,75.45,83,90,16.98,SO,1660015490
Lingao,19.9103,109.6859,84.83,78,98,13.98,CN,1660015491
Laguna,38.421,-121.4238,84.11,47,0,13.8,US,1660015491
Lucapa,-8.4192,20.7447,63.5,32,2,2.19,AO,1660015491
Adrar,20.5022,-10.0711,95.38,18,44,8.81,MR,1660015491
Kuching,1.55,110.3333,86.22,74,20,5.01,MY,1660015492
Kontagora,10.3999,5.4695,71.65,97,100,3.71,NG,1660015492
Düzce,40.8389,31.1639,69.28,93,89,2.24,TR,1660015492
Anadyr,64.75,177.4833,50.5,53,0,11.18,RU,1660015493
Aksarka,66.5606,67.7975,58.3,78,96,5.3,RU,1660015493
Tungor,53.3808,142.9564,63.95,91,99,8.1,RU,1660015493
Mirny,62.5353,113.9611,62.24,63,100,7.0,RU,1660015494
Japura,-0.3167,102.35,83.28,67,93,3.6,ID,1660015494
Grand-Santi,4.25,-54.3833,72.05,80,97,2.48,GF,1660015494
Puerto Madryn,-42.7692,-65.0385,43.92,68,64,19.08,AR,1660015255
Mossamedes,-15.1961,12.1522,61.74,93,0,4.43,AO,1660015495
Salinópolis,-0.6136,-47.3561,78.85,85,66,10.98,BR,1660015495
Belmonte,-15.8631,-38.8828,70.54,77,39,8.39,BR,1660015495
Saskylakh,71.9167,114.0833,64.35,57,37,11.88,RU,1660015215
Broken Hill,-31.95,141.4333,59.65,36,7,5.44,AU,1660015496
Thayetmyo,19.3167,95.1833,75.27,97,100,6.26,MM,1660015496
Estelle,29.8458,-90.1067,82.4,81,0,0.0,US,1660015435
Sabang,5.8933,95.3214,82.51,72,100,14.47,ID,1660015496
Havelock,34.8791,-76.9013,82.94,84,0,9.13,US,1660015497
Geraldton,-28.7667,114.6,57.61,72,75,21.85,AU,1660015497
Leshukonskoye,64.8989,45.7622,55.04,70,22,2.08,RU,1660015497
